{
    "constellations": {
        "Cygnus": {
            "Deneb": [0.8916955661479483, 0.9284427998190448],
            "gamma Cyg": [0.9142797870539964, 0.8183088453225653],
            "epsilon Cyg": [1.05008220600065, 0.7258157121999177],
            "delta Cyg": [0.7613100421201041, 0.8679262939743605],
            "Albireo": [0.8772613919862899, 0.5477776567071185],
            "zeta Cyg": [1.16152853258233, 0.6807756749732997],
            "iota Cyg": [0.6442397599768153, 0.9632803560415824],
            "kappa Cyg": [0.5949294318896499, 0.9790036766961274],
            "eta Cyg": [0.8996075378077713, 0.6993842572884462],
            "theta Cyg": [0.6788451942186805, 0.9447526457391716]},
        "Ursa Major": {
            "Alioth": [-0.43500230180771265, 0.9824636337681169],
            "Dubhe": [-0.5750627016874755, 1.1501239014867384],
            "Alkaid": [-0.3397471872516861, 0.8537129433338998],
            "Mizar": [-0.3685729799320709, 0.9515981833508573],
            "Merak": [-0.6677231536306515, 1.075787936056182],
            "Phecda": [-0.6017089265584524, 0.9878281620204844],
            "Megrez": [-0.5127125871830251, 1.0229301510598805]},
        "Ursa Minor": {
            "Polaris": [0.00519459922491504, 1.4228841322230488],
            "kochab": [-0.07004094094599074, 1.2085299744331037],
            "gamma UMi": [-0.028721737705492443, 1.1736134741293642],
            "epsilon UMi": [0.05392528822635973, 1.3161253728632496],
            "zeta UMi": [0.007371031187773793, 1.255891757034073],
            "delta UMi": [0.03928847257588478, 1.376187674570526],
            "eta UMi": [0.053772270017791446, 1.229762187159391]}},
    "vlab": [0.8819431152442956, 0.862110310205968]
}